{
  "$schema": "tobank-sdui/v1/mock-data",
  "version": "1.0.0",
  "description": "استان‌ها و شهرهای ایران",
  
  "provinces": [
    {
      "code": "01",
      "name": "آذربایجان شرقی",
      "cities": [
        {"code": "01", "name": "تبریز"},
        {"code": "02", "name": "مراغه"},
        {"code": "03", "name": "مرند"},
        {"code": "04", "name": "میانه"},
        {"code": "05", "name": "اهر"},
        {"code": "06", "name": "بناب"},
        {"code": "07", "name": "سراب"}
      ]
    },
    {
      "code": "02",
      "name": "آذربایجان غربی",
      "cities": [
        {"code": "01", "name": "ارومیه"},
        {"code": "02", "name": "خوی"},
        {"code": "03", "name": "میاندوآب"},
        {"code": "04", "name": "مهاباد"},
        {"code": "05", "name": "بوکان"},
        {"code": "06", "name": "سلماس"}
      ]
    },
    {
      "code": "03",
      "name": "اردبیل",
      "cities": [
        {"code": "01", "name": "اردبیل"},
        {"code": "02", "name": "مشگین‌شهر"},
        {"code": "03", "name": "پارس‌آباد"},
        {"code": "04", "name": "خلخال"},
        {"code": "05", "name": "گرمی"}
      ]
    },
    {
      "code": "04",
      "name": "اصفهان",
      "cities": [
        {"code": "01", "name": "اصفهان"},
        {"code": "02", "name": "کاشان"},
        {"code": "03", "name": "خمینی‌شهر"},
        {"code": "04", "name": "نجف‌آباد"},
        {"code": "05", "name": "شاهین‌شهر"},
        {"code": "06", "name": "فلاورجان"},
        {"code": "07", "name": "گلپایگان"},
        {"code": "08", "name": "نائین"},
        {"code": "09", "name": "مبارکه"}
      ]
    },
    {
      "code": "05",
      "name": "البرز",
      "cities": [
        {"code": "01", "name": "کرج"},
        {"code": "02", "name": "فردیس"},
        {"code": "03", "name": "نظرآباد"},
        {"code": "04", "name": "هشتگرد"},
        {"code": "05", "name": "طالقان"}
      ]
    },
    {
      "code": "06",
      "name": "ایلام",
      "cities": [
        {"code": "01", "name": "ایلام"},
        {"code": "02", "name": "دهلران"},
        {"code": "03", "name": "ایوان"},
        {"code": "04", "name": "مهران"}
      ]
    },
    {
      "code": "07",
      "name": "بوشهر",
      "cities": [
        {"code": "01", "name": "بوشهر"},
        {"code": "02", "name": "برازجان"},
        {"code": "03", "name": "کنگان"},
        {"code": "04", "name": "گناوه"},
        {"code": "05", "name": "دیر"}
      ]
    },
    {
      "code": "08",
      "name": "تهران",
      "cities": [
        {"code": "01", "name": "تهران"},
        {"code": "02", "name": "ری"},
        {"code": "03", "name": "شهریار"},
        {"code": "04", "name": "اسلامشهر"},
        {"code": "05", "name": "پاکدشت"},
        {"code": "06", "name": "ورامین"},
        {"code": "07", "name": "دماوند"},
        {"code": "08", "name": "فیروزکوه"},
        {"code": "09", "name": "رباط‌کریم"},
        {"code": "10", "name": "پردیس"},
        {"code": "11", "name": "قدس"},
        {"code": "12", "name": "ملارد"}
      ]
    },
    {
      "code": "09",
      "name": "چهارمحال و بختیاری",
      "cities": [
        {"code": "01", "name": "شهرکرد"},
        {"code": "02", "name": "بروجن"},
        {"code": "03", "name": "فارسان"},
        {"code": "04", "name": "لردگان"}
      ]
    },
    {
      "code": "10",
      "name": "خراسان جنوبی",
      "cities": [
        {"code": "01", "name": "بیرجند"},
        {"code": "02", "name": "قائن"},
        {"code": "03", "name": "فردوس"},
        {"code": "04", "name": "طبس"}
      ]
    },
    {
      "code": "11",
      "name": "خراسان رضوی",
      "cities": [
        {"code": "01", "name": "مشهد"},
        {"code": "02", "name": "نیشابور"},
        {"code": "03", "name": "سبزوار"},
        {"code": "04", "name": "تربت حیدریه"},
        {"code": "05", "name": "قوچان"},
        {"code": "06", "name": "کاشمر"},
        {"code": "07", "name": "گناباد"},
        {"code": "08", "name": "تربت جام"}
      ]
    },
    {
      "code": "12",
      "name": "خراسان شمالی",
      "cities": [
        {"code": "01", "name": "بجنورد"},
        {"code": "02", "name": "شیروان"},
        {"code": "03", "name": "اسفراین"},
        {"code": "04", "name": "جاجرم"}
      ]
    },
    {
      "code": "13",
      "name": "خوزستان",
      "cities": [
        {"code": "01", "name": "اهواز"},
        {"code": "02", "name": "دزفول"},
        {"code": "03", "name": "آبادان"},
        {"code": "04", "name": "خرمشهر"},
        {"code": "05", "name": "بهبهان"},
        {"code": "06", "name": "شوشتر"},
        {"code": "07", "name": "اندیمشک"},
        {"code": "08", "name": "ماهشهر"},
        {"code": "09", "name": "ایذه"}
      ]
    },
    {
      "code": "14",
      "name": "زنجان",
      "cities": [
        {"code": "01", "name": "زنجان"},
        {"code": "02", "name": "ابهر"},
        {"code": "03", "name": "خرمدره"},
        {"code": "04", "name": "قیدار"}
      ]
    },
    {
      "code": "15",
      "name": "سمنان",
      "cities": [
        {"code": "01", "name": "سمنان"},
        {"code": "02", "name": "شاهرود"},
        {"code": "03", "name": "دامغان"},
        {"code": "04", "name": "گرمسار"}
      ]
    },
    {
      "code": "16",
      "name": "سیستان و بلوچستان",
      "cities": [
        {"code": "01", "name": "زاهدان"},
        {"code": "02", "name": "چابهار"},
        {"code": "03", "name": "زابل"},
        {"code": "04", "name": "ایرانشهر"},
        {"code": "05", "name": "سراوان"}
      ]
    },
    {
      "code": "17",
      "name": "فارس",
      "cities": [
        {"code": "01", "name": "شیراز"},
        {"code": "02", "name": "مرودشت"},
        {"code": "03", "name": "جهرم"},
        {"code": "04", "name": "کازرون"},
        {"code": "05", "name": "فسا"},
        {"code": "06", "name": "لار"},
        {"code": "07", "name": "داراب"},
        {"code": "08", "name": "آباده"}
      ]
    },
    {
      "code": "18",
      "name": "قزوین",
      "cities": [
        {"code": "01", "name": "قزوین"},
        {"code": "02", "name": "تاکستان"},
        {"code": "03", "name": "آبیک"},
        {"code": "04", "name": "البرز"}
      ]
    },
    {
      "code": "19",
      "name": "قم",
      "cities": [
        {"code": "01", "name": "قم"}
      ]
    },
    {
      "code": "20",
      "name": "کردستان",
      "cities": [
        {"code": "01", "name": "سنندج"},
        {"code": "02", "name": "سقز"},
        {"code": "03", "name": "بانه"},
        {"code": "04", "name": "مریوان"},
        {"code": "05", "name": "قروه"}
      ]
    },
    {
      "code": "21",
      "name": "کرمان",
      "cities": [
        {"code": "01", "name": "کرمان"},
        {"code": "02", "name": "رفسنجان"},
        {"code": "03", "name": "سیرجان"},
        {"code": "04", "name": "جیرفت"},
        {"code": "05", "name": "بم"},
        {"code": "06", "name": "زرند"}
      ]
    },
    {
      "code": "22",
      "name": "کرمانشاه",
      "cities": [
        {"code": "01", "name": "کرمانشاه"},
        {"code": "02", "name": "اسلام‌آباد غرب"},
        {"code": "03", "name": "سنقر"},
        {"code": "04", "name": "کنگاور"},
        {"code": "05", "name": "قصرشیرین"}
      ]
    },
    {
      "code": "23",
      "name": "کهگیلویه و بویراحمد",
      "cities": [
        {"code": "01", "name": "یاسوج"},
        {"code": "02", "name": "دهدشت"},
        {"code": "03", "name": "گچساران"}
      ]
    },
    {
      "code": "24",
      "name": "گلستان",
      "cities": [
        {"code": "01", "name": "گرگان"},
        {"code": "02", "name": "گنبدکاووس"},
        {"code": "03", "name": "علی‌آباد کتول"},
        {"code": "04", "name": "آق‌قلا"},
        {"code": "05", "name": "بندرترکمن"}
      ]
    },
    {
      "code": "25",
      "name": "گیلان",
      "cities": [
        {"code": "01", "name": "رشت"},
        {"code": "02", "name": "بندرانزلی"},
        {"code": "03", "name": "لاهیجان"},
        {"code": "04", "name": "لنگرود"},
        {"code": "05", "name": "رودسر"},
        {"code": "06", "name": "آستارا"},
        {"code": "07", "name": "تالش"}
      ]
    },
    {
      "code": "26",
      "name": "لرستان",
      "cities": [
        {"code": "01", "name": "خرم‌آباد"},
        {"code": "02", "name": "بروجرد"},
        {"code": "03", "name": "دورود"},
        {"code": "04", "name": "کوهدشت"},
        {"code": "05", "name": "الیگودرز"}
      ]
    },
    {
      "code": "27",
      "name": "مازندران",
      "cities": [
        {"code": "01", "name": "ساری"},
        {"code": "02", "name": "بابل"},
        {"code": "03", "name": "آمل"},
        {"code": "04", "name": "قائم‌شهر"},
        {"code": "05", "name": "بابلسر"},
        {"code": "06", "name": "چالوس"},
        {"code": "07", "name": "نوشهر"},
        {"code": "08", "name": "تنکابن"},
        {"code": "09", "name": "رامسر"}
      ]
    },
    {
      "code": "28",
      "name": "مرکزی",
      "cities": [
        {"code": "01", "name": "اراک"},
        {"code": "02", "name": "ساوه"},
        {"code": "03", "name": "خمین"},
        {"code": "04", "name": "محلات"},
        {"code": "05", "name": "دلیجان"}
      ]
    },
    {
      "code": "29",
      "name": "هرمزگان",
      "cities": [
        {"code": "01", "name": "بندرعباس"},
        {"code": "02", "name": "میناب"},
        {"code": "03", "name": "بندرلنگه"},
        {"code": "04", "name": "قشم"},
        {"code": "05", "name": "کیش"}
      ]
    },
    {
      "code": "30",
      "name": "همدان",
      "cities": [
        {"code": "01", "name": "همدان"},
        {"code": "02", "name": "ملایر"},
        {"code": "03", "name": "نهاوند"},
        {"code": "04", "name": "تویسرکان"},
        {"code": "05", "name": "اسدآباد"}
      ]
    },
    {
      "code": "31",
      "name": "یزد",
      "cities": [
        {"code": "01", "name": "یزد"},
        {"code": "02", "name": "میبد"},
        {"code": "03", "name": "اردکان"},
        {"code": "04", "name": "بافق"},
        {"code": "05", "name": "تفت"}
      ]
    }
  ]
}

