[{"id":0,"fa_title":"مرکزی تهران","code":110,"phones":["02186195140"],"address":"سعادت آباد - بلوار فرهنگ - نبش بن بست نور","postal_code":1997734537,"long":51.38581365530936,"lat":35.77674857590604,"working_time":"شنبه تا چهارشنبه 7:30 الی 14:30\nپنج‌شنبه 7:30 الی 12:30"},{"id":1,"fa_title":"کیش","code":1764,"phones":["07644490242"],"address":"(ts26g قطعه ) جزیره کیش ، میدان پردیس –برج گودمن ","postal_code":7941885983,"long":54.01950357215758,"lat":26.537192605388096,"working_time":"شنبه تا چهارشنبه 7:30 الی 14:30\nپنج‌شنبه 7:30 الی 12:30"},{"id":2,"fa_title":"قم","code":1025,"phones":["02532910682"],"address":"قم، بلوار امین، جنب کوچه 21 ، پلاک 577","postal_code":3713936963,"long":50.85417377849632,"lat":34.62533645576676,"working_time":"شنبه تا چهارشنبه 7:30 الی 14:30\nپنج‌شنبه 7:30 الی 12:30"},{"id":3,"fa_title":"اقدسیه","code":141,"phones":["02126124224"],"address":"اقدسیه - خیابان موحد دانش - رو به روی خیابان سپند - پلاک 2","postal_code":1957663673,"long":51.478892434816444,"lat":35.80161974220241,"working_time":"شنبه تا چهارشنبه 7:30 الی 14:30\nپنج‌شنبه 7:30 الی 12:30"},{"id":4,"fa_title":"محمودیه","code":159,"phones":["02122666131"],"address":"خیابان ولیعصر. بالاتر از چهارراه پارک وی. پلاک 2762","postal_code":1986917346,"long":51.41722301676621,"lat":35.795731283391575,"working_time":"شنبه تا چهارشنبه 7:30 الی 14:30\nپنج‌شنبه 7:30 الی 12:30"},{"id":5,"fa_title":"کامرانیه","code":121,"phones":["02122815157","02122814234"],"address":"خیابان کامرانیه شمالی، خیابان لواسانی غربی، پلاک 2","postal_code":1936937911,"long":51.460927070871065,"lat":35.80298503875446,"working_time":"شنبه تا چهارشنبه 7:30 الی 14:30\nپنج‌شنبه 7:30 الی 12:30"},{"id":6,"fa_title":"قدس","code":116,"phones":["02122725109","02122725112"],"address":"خیابان شریعتی-نرسیده به میدان قدس-نبش کوچه ماهروزاده پلاک1965","postal_code":1934614957,"long":51.43397168344957,"lat":35.80239294831182,"working_time":"شنبه تا چهارشنبه 7:30 الی 14:30\nپنج‌شنبه 7:30 الی 12:30"},{"id":7,"fa_title":"عمار","code":115,"phones":["02122397881","02122397317"],"address":"میدان قدس - خیابان کبیری(دزاشیب) - سه راه عمار پلاک 294","postal_code":1935663711,"long":51.44559716668254,"lat":35.80811409178919,"working_time":"شنبه تا چهارشنبه 7:30 الی 14:30\nپنج‌شنبه 7:30 الی 12:30"},{"id":8,"fa_title":"توانیر","code":151,"phones":["02188195980","02188889482","02188889631"],"address":"خیابان ولیعصر نرسیده به توانیر نبش بخشندگان ساختمان مدیکو شماره 2303","postal_code":1516743411,"long":51.41144119810661,"lat":35.74576877555981,"working_time":"شنبه تا چهارشنبه 7:30 الی 14:30\nپنج‌شنبه 7:30 الی 12:30"},{"id":9,"fa_title":"آرژانتین","code":155,"phones":["02188106847","02188554262","02188106548"],"address":"میدان آرژانتین،ابتدای خیابان احمدقصیر(بخارست)نبش خیابان19پلاک 66","postal_code":1512845411,"long":51.41516206034329,"lat":35.73634608818662,"working_time":"شنبه تا چهارشنبه 7:30 الی 14:30\nپنج‌شنبه 7:30 الی 12:30"},{"id":10,"fa_title":"امام حسین","code":128,"phones":["02177670130"],"address":"میدان امام حسین(ع)، خیابان انقلاب، نبش بن بست شمس، پلاک152","postal_code":1151635514,"long":51.453374769660215,"lat":35.70337840504022,"working_time":"شنبه تا چهارشنبه 7:30 الی 14:30\nپنج‌شنبه 7:30 الی 12:30"},{"id":11,"fa_title":"قرنی","code":131,"phones":["02188808289","02188808105","02188808126"],"address":"خیابان سپهبد قرنی - بین خیابان اراک و خیابان شاداب پلاک 172","postal_code":1598976911,"long":51.41803295092684,"lat":35.7098180489618,"working_time":"شنبه تا چهارشنبه 7:30 الی 14:30\nپنج‌شنبه 7:30 الی 12:30"},{"id":12,"fa_title":"نیاوران","code":146,"phones":["02122396880","02122397017","02122397918"],"address":"نیاوران-خیابان باهنر-به سمت میدان قدس-نرسیده به چهارراه مژده-پلاک349","postal_code":1979983531,"long":51.44535564232854,"lat":35.81069815329627,"working_time":"شنبه تا چهارشنبه 7:30 الی 14:30\nپنج‌شنبه 7:30 الی 12:30"},{"id":13,"fa_title":"فردوسی","code":124,"phones":["02188865291","02188865285","02188865283"],"address":"خیابان انقلاب بعد از میدان فردوسی بین خ ایرانشهر و موسوی پلاک 595","postal_code":1581639933,"long":51.42079383740865,"lat":35.701818812770675,"working_time":"شنبه تا چهارشنبه 7:30 الی 14:30\nپنج‌شنبه 7:30 الی 12:30"},{"id":14,"fa_title":"چیذر","code":143,"phones":["02126458793","02126459578","02126459782"],"address":"چیذر- خیابان هاشمی علیا- نرسیده به میدان ندا-پلاک 45","postal_code":1938993688,"long":51.455401893254326,"lat":35.79731243709258,"working_time":"شنبه تا چهارشنبه 7:30 الی 14:30\nپنج‌شنبه 7:30 الی 12:30"},{"id":15,"fa_title":"خ ولیعصر","code":165,"phones":["02188927290","02188929525"],"address":"خیابان ولیعصر پایین تر از میدان ولیعصر  پلاک 1604","postal_code":1416793643,"long":51.406670661815326,"lat":35.71021363812112,"working_time":"شنبه تا چهارشنبه 7:30 الی 14:30\nپنج‌شنبه 7:30 الی 12:30"},{"id":16,"fa_title":"فرشته","code":154,"phones":["02126202402"],"address":"خیابان ولی عصر(عج) ، بالاتر از پارک وی، خیابان شهید فیاضی،روبروی خ آقا بزرگی-پ72","postal_code":1965949313,"long":51.422132400000095,"lat":35.7901551199626,"working_time":"شنبه تا چهارشنبه 7:30 الی 14:30\nپنج‌شنبه 7:30 الی 12:30"},{"id":17,"fa_title":"قیطریه","code":133,"phones":["02122246097","02122243650","02122232312"],"address":"تهران، بلوار سی و پنج متری قیطریه، روبروی پارک قیطریه، نبش کوچه شیروانی، پلاک 67","postal_code":1938933611,"long":51.45136035337391,"lat":35.79362880741007,"working_time":"شنبه تا چهارشنبه 7:30 الی 14:30\nپنج‌شنبه 7:30 الی 12:30"},{"id":18,"fa_title":"گلوبندک","code":123,"phones":["02155161226","02155810874","02155594376"],"address":"خیابان 15خردادغربی نرسیده به 4راه گلوبندک پلاک 655","postal_code":1114775974,"long":51.41458236775506,"lat":35.67857791149116,"working_time":"شنبه تا چهارشنبه 7:30 الی 14:30\nپنج‌شنبه 7:30 الی 12:30"},{"id":19,"fa_title":"قائم مقام","code":114,"phones":["02188839971","02188343904","02188863282"],"address":"میدان هفتم تیر ابتداء خیابان قائم مقام فراهانی پلاک9","postal_code":1589943114,"long":51.424268955946815,"lat":35.71687490717442,"working_time":"شنبه تا چهارشنبه 7:30 الی 14:30\nپنج‌شنبه 7:30 الی 12:30"},{"id":20,"fa_title":"آصف","code":150,"phones":["02122181371"],"address":"زعفرانیه - خیابان اعجازی( آصف )- پلاک 33","postal_code":1988893311,"long":51.41552242883636,"lat":35.80879285608265,"working_time":"شنبه تا چهارشنبه 7:30 الی 14:30\nپنج‌شنبه 7:30 الی 12:30"},{"id":21,"fa_title":"دادمان","code":153,"phones":["02188377917"],"address":"شهرک قدس- بلوار فرحزادی-بلوار دادمان- نبش کوچه جهاد -پلاک 60","postal_code":1998812345,"long":51.37440790000005,"lat":35.754434700713134,"working_time":"شنبه تا چهارشنبه 7:30 الی 14:30\nپنج‌شنبه 7:30 الی 12:30"},{"id":22,"fa_title":"کوی نصر","code":156,"phones":["02188265379","02188271295","02186015483"],"address":"کوی نصر. نبش خیابان 16. پلاک 145","postal_code":1448713116,"long":51.37444411230719,"lat":35.75447154483949,"working_time":"شنبه تا چهارشنبه 7:30 الی 14:30\nپنج‌شنبه 7:30 الی 12:30"},{"id":23,"fa_title":"صادقیه","code":126,"phones":["02144276067"],"address":"فلکه دوم صادقیه ابتدای اشرفی اصفهانی نرسیده به سازمان آب پلاک 5","postal_code":1451614881,"long":51.335796434392954,"lat":35.724151893222135,"working_time":"شنبه تا چهارشنبه 7:30 الی 14:30\nپنج‌شنبه 7:30 الی 12:30"},{"id":24,"fa_title":"بازار مبل","code":117,"phones":["02166212317","02166295028","02166211206"],"address":"تهران-20متری یافت آباد شرقی - جنب مبل المهدی-پ 152","postal_code":1361653579,"long":51.34764604232791,"lat":35.66270721321325,"working_time":"شنبه تا چهارشنبه 7:30 الی 14:30\nپنج‌شنبه 7:30 الی 12:30"},{"id":25,"fa_title":"سرو","code":147,"phones":["02122384935","02122384926","02126761160"],"address":"سعادت آباد بلوار سرو غربی چهارراه سرو پلاک 79","postal_code":1997643748,"long":51.36294282136882,"lat":35.77919028129138,"working_time":"شنبه تا چهارشنبه 7:30 الی 14:30\nپنج‌شنبه 7:30 الی 12:30"},{"id":26,"fa_title":"مرزداران","code":161,"phones":["02144262093","02144264889"],"address":"بلوار مرزداران. بین ایثار و آریافر پلاک 122/1","postal_code":1464645738,"long":51.35421949999859,"lat":35.73448408661107,"working_time":"شنبه تا چهارشنبه 7:30 الی 14:30\nپنج‌شنبه 7:30 الی 12:30"},{"id":27,"fa_title":"سعادت آباد","code":132,"phones":["02122133494","02122133454","02122352686"],"address":"سعادت آباد - میدان کاج-سروشرقی- نبش علامه طباطبائی -شماره 50","postal_code":1997998815,"long":51.37891618709489,"lat":35.78274240326234,"working_time":"شنبه تا چهارشنبه 7:30 الی 14:30\nپنج‌شنبه 7:30 الی 12:30"},{"id":28,"fa_title":"کرج","code":1261,"phones":["02632219003"],"address":"کرج، خیابان شهید بهشتی،میدان شهدا،بسمت چهارراه طالقانی،روبروی خیابان بیمارستان کمالی، پلاک 631","postal_code":3153615819,"long":50.99622643439295,"lat":35.81920697235279,"working_time":"شنبه تا چهارشنبه 7:30 الی 14:30\nپنج‌شنبه 7:30 الی 12:30"},{"id":29,"fa_title":"جنت آباد","code":137,"phones":["02144488153","02144488147"],"address":"خیابان جنت آباد شمالی، بالاتر از همت، بین خیابان های توکلی و چهره خند، پلاک 274","postal_code":1474853678,"long":51.304123234392954,"lat":35.757408061769674,"working_time":"شنبه تا چهارشنبه 7:30 الی 14:30\nپنج‌شنبه 7:30 الی 12:30"},{"id":30,"fa_title":"پونك","code":144,"phones":["02144601198","02144602142","02144602162"],"address":"میدان پونک - خیابان میرزابابائی- بعد از چهار راه عدل- بن بست امام حسن - پلاک 3","postal_code":1476874178,"long":51.32926936560705,"lat":35.76231529441414,"working_time":"شنبه تا چهارشنبه 7:30 الی 14:30\nپنج‌شنبه 7:30 الی 12:30"},{"id":31,"fa_title":"اکباتان","code":138,"phones":["02144690722","02144690792","02144690765"],"address":"شهرک اکباتان -فاز یک -خیابان شهید نفیسی-پلاک 20-ساختمان آریو اکباتان","postal_code":1393864514,"long":51.315703111639564,"lat":35.71192505353029,"working_time":"شنبه تا چهارشنبه 7:30 الی 14:30\nپنج‌شنبه 7:30 الی 12:30"},{"id":32,"fa_title":"سیدجمال","code":111,"phones":["02188719496","02188719841","02188719952"],"address":"تهران، خیابان سیدجمال الدین اسدآبادی، نبش چهاردهم، پلاک 128","postal_code":1431895411,"long":51.40765671534395,"lat":35.72667315005164,"working_time":"شنبه تا چهارشنبه 7:30 الی 14:30\nپنج‌شنبه 7:30 الی 12:30"},{"id":33,"fa_title":"تهرانسر","code":149,"phones":["02144504503","02144504763"],"address":"کیلومتر 6جاده مخصوص کرج -تهرانسر -بلوار اصلی -بین خیابان سوم وپنجم -پلاک 274","postal_code":1388749791,"long":51.25511815767225,"lat":35.7013838527684,"working_time":"شنبه تا چهارشنبه 7:30 الی 14:30\nپنج‌شنبه 7:30 الی 12:30"},{"id":34,"fa_title":"بلوار فردوس","code":164,"phones":["02144015193","02144014633","02144022534","02144011879","02144015196"],"address":"بلوار فردوس شرق بین کوچه علی حسینی و ابراهیمی جنوبی پلاک 400","postal_code":14819123345,"long":51.31136417301619,"lat":35.72495358005451,"working_time":"شنبه تا چهارشنبه 7:30 الی 14:30\nپنج‌شنبه 7:30 الی 12:30"},{"id":35,"fa_title":"امیر آباد","code":122,"phones":["02188351013"],"address":"خیابان کارگرشمالی بعداز پمپ بنزی امیرآباد نرسیده به بیمارستان قلب شماره 1735","postal_code":1413653841,"long":51.386054171163934,"lat":35.72205424430629,"working_time":"شنبه تا چهارشنبه 7:30 الی 14:30\nپنج‌شنبه 7:30 الی 12:30"},{"id":36,"fa_title":"امیرکبیر","code":157,"phones":["02144735174","02144742463","02144712362"],"address":"شهرک گلستان. بلوار امیرکبیر. نرسیده به تقاطع کاج. پلاک 153","postal_code":1494813581,"long":51.241839469312225,"lat":35.74836433735533,"working_time":"شنبه تا چهارشنبه 7:30 الی 14:30\nپنج‌شنبه 7:30 الی 12:30"},{"id":37,"fa_title":"توحید","code":129,"phones":["02165010023","0216501343","02165010238","02165010284"],"address":"خیابان آزادی بین اسکندری و نواب پلاک 181  ","postal_code":1419913812,"long":51.37941345767202,"lat":35.70107685206436,"working_time":"شنبه تا چهارشنبه 7:30 الی 14:30\nپنج‌شنبه 7:30 الی 12:30"},{"id":38,"fa_title":"ولنجک","code":160,"phones":["02126808399"],"address":"خیابان ولنجک ، خیابان 14  روبروی مرکز خرید توچال","postal_code":1985735328,"long":51.40162728465621,"lat":35.80624132190494,"working_time":"شنبه تا چهارشنبه 7:30 الی 14:30\nپنج‌شنبه 7:30 الی 12:30"},{"id":39,"fa_title":"مهستان","code":145,"phones":["02188566431","02188566426","02188566437"],"address":"شهرک غرب -میدان صنعت ،خیابان ایران زمین،خیابان مهستان -جنب مجتمع تجاری گلستان -پلاک 10","postal_code":1465813651,"long":51.37438644232792,"lat":35.754926631071946,"working_time":"شنبه تا چهارشنبه 7:30 الی 14:30\nپنج‌شنبه 7:30 الی 12:30"},{"id":40,"fa_title":"قزوین","code":1281,"phones":["02833359914"],"address":"قزوین، چهارراه فلسطین، پلاک 471","postal_code":3413895754,"long":50.007940542327916,"lat":36.283019781936964,"working_time":"شنبه تا چهارشنبه 7:30 الی 14:30\nپنج‌شنبه 7:30 الی 12:30"},{"id":41,"fa_title":"شریعتی","code":127,"phones":["02122890309","02122890205","02122890203"],"address":"خیابان شریعتی، پایین تر از تقاطع میرداماد،نبش کوچه بهشت آسا، پلاک 1125","postal_code":1948963555,"long":51.446626789981636,"lat":35.75968499580212,"working_time":"شنبه تا چهارشنبه 7:30 الی 14:30\nپنج‌شنبه 7:30 الی 12:30"},{"id":42,"fa_title":"آپادانا","code":120,"phones":["02188500231","02188500276","02188507965"],"address":"خیابان آپادانا نرسیده به چهارراه صابو نچی پلاک 105","postal_code":1533864353,"long":51.43313031163959,"lat":35.7360401516113,"working_time":"شنبه تا چهارشنبه 7:30 الی 14:30\nپنج‌شنبه 7:30 الی 12:30"},{"id":43,"fa_title":"17شهریور","code":163,"phones":["02136607540","02136607542","02136607537"],"address":"میدان شهدا خیابان هفده شهریور روبروی شهید قادری پلاک 1493","postal_code":1718954321,"long":51.447320578353775,"lat":35.68795307674548,"working_time":"شنبه تا چهارشنبه 7:30 الی 14:30\nپنج‌شنبه 7:30 الی 12:30"},{"id":44,"fa_title":"شهرري","code":136,"phones":["02155925764","02155925766"],"address":"میدان شهرری ، خیابان 24 متری، پلاک 86","postal_code":1871966554,"long":51.44735103439295,"lat":35.59235315968732,"working_time":"شنبه تا چهارشنبه 7:30 الی 14:30\nپنج‌شنبه 7:30 الی 12:30"},{"id":45,"fa_title":"ملاصدرا","code":152,"phones":["02188038183","02188038240","02188038244"],"address":"خیابان ملاصدرا-نبش خیابان شیراز-پلاک120","postal_code":1435864836,"long":51.398914215378454,"lat":35.7567708217583,"working_time":"شنبه تا چهارشنبه 7:30 الی 14:30\nپنج‌شنبه 7:30 الی 12:30"},{"id":46,"fa_title":"پيروزي","code":134,"phones":["02133336211","02133336391","02133336144"],"address":"خیابان پیروزی، نبش بستان منش، پلاک 450، طبقه همکف ساختمان آلبوم","postal_code":1765675911,"long":51.47433155800269,"lat":35.691494212070886,"working_time":"شنبه تا چهارشنبه 7:30 الی 14:30\nپنج‌شنبه 7:30 الی 12:30"},{"id":47,"fa_title":"میرداماد","code":112,"phones":["02188875687","02188875688"],"address":"انتهای بلوار میردامادپلاک355","postal_code":1969615181,"long":51.412518326983744,"lat":35.76387728430869,"working_time":"شنبه تا چهارشنبه 7:30 الی 14:30\nپنج‌شنبه 7:30 الی 12:30"},{"id":48,"fa_title":"بنی هاشم","code":119,"phones":["02126319916"],"address":"رسالت، خیابان بنی هاشم، بالاتر از خیابان شهیدرحیمی(پرتوی)، پ70،طبقه همکف شمال","postal_code":1687954444,"long":51.46604842698427,"lat":35.75175379705016,"working_time":"شنبه تا چهارشنبه 7:30 الی 14:30\nپنج‌شنبه 7:30 الی 12:30"},{"id":49,"fa_title":"آفریقا","code":113,"phones":["02188882507","02188205410"],"address":"خیابان آفریقا -تقاطع ظفر- پلاک 81","postal_code":1917683413,"long":51.41778237804701,"lat":35.76068354225515,"working_time":"شنبه تا چهارشنبه 7:30 الی 14:30\nپنج‌شنبه 7:30 الی 12:30"},{"id":50,"fa_title":"فلكه‌دوم‌ ","code":140,"phones":["02177706634","02177705675"],"address":"فلکه دوم تهرانپارس، خیابان فرجام، بین عادل و زرین، شماره 49","postal_code":1653971946,"long":51.52707287301629,"lat":35.73591403451367,"working_time":"شنبه تا چهارشنبه 7:30 الی 14:30\nپنج‌شنبه 7:30 الی 12:30"},{"id":51,"fa_title":"دولت","code":118,"phones":["02122568303","02122568511","02122567764","02122568597","02122568166"],"address":"خیابان شریعتی-خیابان دولت-نبش خیابان یارمحمدی-پلاک194","postal_code":1945614180,"long":51.45752213068851,"lat":35.78017731866642,"working_time":"شنبه تا چهارشنبه 7:30 الی 14:30\nپنج‌شنبه 7:30 الی 12:30"},{"id":52,"fa_title":"سهروردی","code":125,"phones":["02188763575","02188545360"],"address":"خیابان سهروردی شمالی- پایین تر از پمپ بنزین- نبش خیابان سورنا- شماره 286","postal_code":1577613117,"long":51.434155971162326,"lat":35.72130937023265,"working_time":"شنبه تا چهارشنبه 7:30 الی 14:30\nپنج‌شنبه 7:30 الی 12:30"},{"id":53,"fa_title":"آتش‌نشان","code":135,"phones":["02166954076","02166953822","02166953974"],"address":"خیابان جمهوری، بین شیخ هادی و ولیعصر، پلاک 745","postal_code":1134915389,"long":51.40557637116399,"lat":35.6957557372926,"working_time":"شنبه تا چهارشنبه 7:30 الی 14:30\nپنج‌شنبه 7:30 الی 12:30"},{"id":54,"fa_title":"فلكه‌اول‌ قلهک","code":139,"phones":["02122621281"],"address":"خیابان شریعتی روبروی شهید کلاهدوز - نبش کوچه میرزا تاراج شماره 1568","postal_code":1913964571,"long":51.44660222698366,"lat":35.759569398797325,"working_time":"شنبه تا چهارشنبه 7:30 الی 14:30\nپنج‌شنبه 7:30 الی 12:30"},{"id":55,"fa_title":"بهشتی","code":158,"phones":["02188550167","02188550293","02188550216"],"address":"خیابان شهید بهشتی. بعد از تقاطع قائم مقام. جنب بانک صادرات. پلاک 406","postal_code":1586774614,"long":51.433157175605366,"lat":35.73088237254251,"working_time":"شنبه تا چهارشنبه 7:30 الی 14:30\nپنج‌شنبه 7:30 الی 12:30"},{"id":56,"fa_title":"پاسداران","code":162,"phones":["02122782830","02122782711"],"address":"پاسداران نبش بوستان هشتم پلاک 250","postal_code":1666633413,"long":51.45798549999994,"lat":35.76811373185098,"working_time":"شنبه تا چهارشنبه 7:30 الی 14:30\nپنج‌شنبه 7:30 الی 12:30"},{"id":57,"fa_title":"نفت","code":142,"phones":["02126414458","02126414468","02126414787"],"address":"خیابان شریعتی - خیابان ظفر - خیابان نفت شمالی - نبش کوچه یکم - شماره 5","postal_code":1919613151,"long":51.42845132698382,"lat":35.761656603479665,"working_time":"شنبه تا چهارشنبه 7:30 الی 14:30\nپنج‌شنبه 7:30 الی 12:30"},{"id":58,"fa_title":"هروی","code":148,"phones":["02126910611","02126910594","02126910599"],"address":"میدان هروی-خیابان وفامنش-خیابان مکران شمالی -شماره 5","postal_code":1668744831,"long":51.47756697301615,"lat":35.77364281522183,"working_time":"شنبه تا چهارشنبه 7:30 الی 14:30\nپنج‌شنبه 7:30 الی 12:30"},{"id":59,"fa_title":"سمنان","code":1023,"phones":["02333364620"],"address":"سمنان، بلوار میرزای شیرازی ، مدرسه هراتی سابق روبروی  مجتمع تجاری خدماتی مهدی","postal_code":3514614741,"long":53.392454651391596,"lat":35.57994895525863,"working_time":"شنبه تا چهارشنبه 7:30 الی 14:30\nپنج‌شنبه 7:30 الی 12:30"},{"id":60,"fa_title":"زنجان","code":1024,"phones":["02433339349","02433329799"],"address":"زنجان،خیابان امام،روبروی ساختمان ممتاز ، پلاک 279","postal_code":4516657867,"long":48.49183411010146,"lat":36.66683097141376,"working_time":"شنبه تا چهارشنبه 7:30 الی 14:30\nپنج‌شنبه 7:30 الی 12:30"},{"id":61,"fa_title":"شهرکرد","code":1038,"phones":["03833333043"],"address":"شهرکرد ، بلوار حافظ شمالی ، نبش کوچه 8 ، پلاک 1","postal_code":8815858649,"long":50.86405886759222,"lat":32.32571816207195,"working_time":"شنبه تا چهارشنبه 7:30 الی 14:30\nپنج‌شنبه 7:30 الی 12:30"},{"id":62,"fa_title":"اهواز","code":1061,"phones":["06133379961"],"address":"اهواز، کیانپارس،بلوارشهید چمران،بعد از میدان گردشگری،بین خیابان یکم و دوم شرقی پلاک 165","postal_code":6155913794,"long":48.68403614292043,"lat":31.34301605643411,"working_time":"شنبه تا چهارشنبه 7:30 الی 14:30\nپنج‌شنبه 7:30 الی 12:30"},{"id":63,"fa_title":"آبادان","code":1062,"phones":["06153242570"],"address":"آبادان  خیابان شهید منتظری - نبش خیابان گمرک روبروی سیتی سنتر","postal_code":6313811531,"long":48.28038354053195,"lat":30.333423316160516,"working_time":"شنبه تا چهارشنبه 7:30 الی 14:30\nپنج‌شنبه 7:30 الی 12:30"},{"id":64,"fa_title":"خرم آباد","code":1066,"phones":["06633338390"],"address":"خرم آباد، خیابان کاشانی شرقی، نرسیده به چهار راه فرهنگ، نبش کوچه \nشهید بهرامی","postal_code":6815843799,"long":48.35353571181901,"lat":33.49247125860416,"working_time":"شنبه تا چهارشنبه 7:30 الی 14:30\nپنج‌شنبه 7:30 الی 12:30"},{"id":65,"fa_title":"یاسوج","code":1074,"phones":["07433236278","07433235798"],"address":"یاسوج، خیابان  شهید چمران، نبش کوچه نوروز","postal_code":7591777331,"long":51.59878063869205,"lat":30.664054218992465,"working_time":"شنبه تا چهارشنبه 7:30 الی 14:30\nپنج‌شنبه 7:30 الی 12:30"},{"id":66,"fa_title":"بوشهر","code":1077,"phones":["07733333601"],"address":"بوشهر خیابان امام خمینی – جنب مسجد توحید","postal_code":7515788639,"long":50.8356274182293,"lat":28.97306667373185,"working_time":"شنبه تا چهارشنبه 7:30 الی 14:30\nپنج‌شنبه 7:30 الی 12:30"},{"id":67,"fa_title":"همدان","code":1081,"phones":["08138267100"],"address":"همدان، میدان جهاد (دانشگاه) ، طبقه همکف برج زاگرس","postal_code":6516611131,"long":48.50427522816288,"lat":34.79433924331577,"working_time":"شنبه تا چهارشنبه 7:30 الی 14:30\nپنج‌شنبه 7:30 الی 12:30"},{"id":68,"fa_title":"ایلام","code":1084,"phones":["08433332910","08433344187"],"address":"ایلام، خیابان 24 متری ولیعصر، بالاتر از چهارراه عبدالهی، نرسیده به خیابان یزدانی","postal_code":6931845115,"long":46.42679296764462,"lat":33.6334695966776,"working_time":"شنبه تا چهارشنبه 7:30 الی 14:30\nپنج‌شنبه 7:30 الی 12:30"},{"id":69,"fa_title":"اراک","code":1086,"phones":["08632226710","08632226712"],"address":"اراک، خیابان امام خمینی، نرسیده به چهار راه دکتر حسابی، نبش بن بست شهروان، پلاک 3468","postal_code":3814953468,"long":49.69630896766318,"lat":34.08543597193157,"working_time":"شنبه تا چهارشنبه 7:30 الی 14:30\nپنج‌شنبه 7:30 الی 12:30"},{"id":70,"fa_title":"رشت","code":1131,"phones":["01333245540","01333245573","01333240737"],"address":"رشت طالقانی (بیستون) ابتدای بلوار معلم جنب فروشگاه جانبو نبش کوچه دوم","postal_code":4154745638,"long":49.58593235525768,"lat":37.30706646671293,"working_time":"شنبه تا چهارشنبه 7:30 الی 14:30\nپنج‌شنبه 7:30 الی 12:30"},{"id":71,"fa_title":"مرکزی تبریز","code":1411,"phones":["04133370325","04133370488"],"address":"تبریز ، خیابان آزادی ، بالاتر از گلباد، نرسیده به چهارراه آبرسان نبش مهرگان 5، پلاک 33","postal_code":5165694743,"long":46.32331039087278,"lat":38.06486474704517,"working_time":"شنبه تا چهارشنبه 7:30 الی 14:30\nپنج‌شنبه 7:30 الی 12:30"},{"id":72,"fa_title":"شعبه ارومیه","code":1441,"phones":["04433476538","04433430841"],"address":"ارومیه، خیابان شهید بهشتی نرسیده به سه راه استادان پلاک 246","postal_code":5715947886,"long":45.072415576794356,"lat":37.541526053942036,"working_time":"شنبه تا چهارشنبه 7:30 الی 14:30\nپنج‌شنبه 7:30 الی 12:30"},{"id":73,"fa_title":"اردبیل","code":1451,"phones":["04533255523"],"address":"اردبیل، مابین چهاراه امام خمینی(ره) و میدان سرچشمه، شماره1","postal_code":5614614144,"long":48.293244218120456,"lat":38.2465170957601,"working_time":"شنبه تا چهارشنبه 7:30 الی 14:30\nپنج‌شنبه 7:30 الی 12:30"},{"id":74,"fa_title":"کرمانشاه","code":1831,"phones":["08337266626"],"address":"کرمانشاه، خیابان فردوسی ، جنب سینما آزادی","postal_code":6713934534,"long":47.056563683016236,"lat":34.29957364609352,"working_time":"شنبه تا چهارشنبه 7:30 الی 14:30\nپنج‌شنبه 7:30 الی 12:30"},{"id":75,"fa_title":"سنندج","code":1875,"phones":["08733242588"],"address":"سنندج، میدان آزادی، ابتدای خیابان کشاورز، روبروی شرکت نغت","postal_code":6613713613,"long":47.00698779176506,"lat":35.31219402273567,"working_time":"شنبه تا چهارشنبه 7:30 الی 14:30\nپنج‌شنبه 7:30 الی 12:30"},{"id":76,"fa_title":"گلسار رشت","code":2131,"phones":["01333753370","01333753371"],"address":"رشت خیابان گلسار  بلوار گلایل 1 پلاک 3","postal_code":4164854955,"long":49.58659195432688,"lat":37.30824778586355,"working_time":"شنبه تا چهارشنبه 7:30 الی 14:30\nپنج‌شنبه 7:30 الی 12:30"},{"id":77,"fa_title":"شهریارتبریز","code":2411,"phones":["041-35561413","04135577437"],"address":"تبریز، خیابان 17 شهریور،مابین تقاطع شریعتی و طالقانی، ساختمان حکیم، طبقه همکف","postal_code":5166617365,"long":46.32319236701585,"lat":38.06471116054428,"working_time":"شنبه تا چهارشنبه 7:30 الی 14:30\nپنج‌شنبه 7:30 الی 12:30"},{"id":78,"fa_title":"تبریز ولیعصر","code":3411,"phones":["04133297339"],"address":"تبریز، شهرک ولیعصر،مابین فلکه مخابرات و فلکه بزرگ ، پلاک 18","postal_code":5157935679,"long":46.323180324304154,"lat":38.06464479067014,"working_time":"شنبه تا چهارشنبه 7:30 الی 14:30\nپنج‌شنبه 7:30 الی 12:30"},{"id":80,"fa_title":"گرگان","code":1017,"phones":["01732351655","01732341266","01732349589"],"address":"گرگان ،خیابان ولیعصر(عج)، نبش عدالت 29","postal_code":4917746989,"long":54.442452183124786,"lat":36.829491124441894,"working_time":"شنبه تا چهارشنبه 7:30 الی 14:30\nپنج‌شنبه 7:30 الی 12:30"},{"id":81,"fa_title":"بیرجند","code":1056,"phones":["05632354450"],"address":"خراسان جنوبی، بیرجند، خیابان مدرس، نبش مدرس 11","postal_code":9713798134,"long":59.21638202889309,"lat":32.86890504602081,"working_time":"شنبه تا چهارشنبه 7:30 الی 14:30\nپنج‌شنبه 7:30 الی 12:30"},{"id":82,"fa_title":"بجنورد","code":1058,"phones":["05832248022","05832246790"],"address":"بجنورد، خیابان طالقانی غربی، نبش چهارراه مخابرات ،پلاک 239 و 241","postal_code":9415936935,"long":57.32898528130146,"lat":37.4778022151248,"working_time":"شنبه تا چهارشنبه 7:30 الی 14:30\nپنج‌شنبه 7:30 الی 12:30"},{"id":83,"fa_title":"رامسر","code":1192,"phones":["01155261891","01155261901"],"address":"رامسر، خیابان شهید مطهری، ابتدای مطهری 11","postal_code":4691833614,"long":50.645053765932204,"lat":36.91698617220969,"working_time":"شنبه تا چهارشنبه 7:30 الی 14:30\nپنج‌شنبه 7:30 الی 12:30"},{"id":84,"fa_title":"اصفهان","code":1311,"phones":["03136259141","03136283888"],"address":"اصفهان خیابان حکیم نظامی نرسیده به چهارراه حکیم نظامی جنب بانک صادرات","postal_code":8173813972,"long":51.653841042535106,"lat":32.63830870664761,"working_time":"شنبه تا چهارشنبه 7:30 الی 14:30\nپنج‌شنبه 7:30 الی 12:30"},{"id":85,"fa_title":"کرمان","code":1341,"phones":["03432468977","03432468981","03432469116"],"address":"کرمان، بلوارجمهوری، خیابان شفا، بین کوچه 5و7 ، پلاک 3","postal_code":7618644939,"long":57.031979223192714,"lat":30.286371096588738,"working_time":"شنبه تا چهارشنبه 7:30 الی 14:30\nپنج‌شنبه 7:30 الی 12:30"},{"id":86,"fa_title":"یزد","code":1351,"phones":["03536288330"],"address":"یزد، خیابان آیت اله کاشانی، سه راه هراتی","postal_code":8913789747,"long":54.37440690332289,"lat":31.87924090998766,"working_time":"شنبه تا چهارشنبه 7:30 الی 14:30\nپنج‌شنبه 7:30 الی 12:30"},{"id":87,"fa_title":"مرکزی  مشهد","code":1511,"phones":["05136109550"],"address":"مشهد، چهارراه آزاد شهر، بین معلم 2و4، پلاک 16","postal_code":9188899373,"long":59.534150121456356,"lat":36.32710718837274,"working_time":"شنبه تا چهارشنبه 7:30 الی 14:30\nپنج‌شنبه 7:30 الی 12:30"},{"id":88,"fa_title":"زاهدان","code":1541,"phones":["05433252793"],"address":"زاهدان، خیابان امیرالمومنین ، نرسیده به تقاطع امام خمینی، پلاک 250","postal_code":9813736934,"long":60.86794105399319,"lat":29.499893355968528,"working_time":"شنبه تا چهارشنبه 7:30 الی 14:30\nپنج‌شنبه 7:30 الی 12:30"},{"id":89,"fa_title":"مرکزی شیراز","code":1711,"phones":["07136342096","07136342181","07136342400"],"address":"شیراز، بلوار معالی آباد ، بین خیابان دوستان و پزشکان ، ساختمان اوتانا یک","postal_code":7187711766,"long":52.45990053148493,"lat":29.683470753780536,"working_time":"شنبه تا چهارشنبه 7:30 الی 14:30\nپنج‌شنبه 7:30 الی 12:30"},{"id":90,"fa_title":"بندر عباس","code":1761,"phones":["07633669522","07633669510"],"address":"بندرعباس، بلوار مصطفی خمینی، روبروی خیابان داروپخش","postal_code":7915891678,"long":56.33806380246778,"lat":27.202942582962944,"working_time":"شنبه تا چهارشنبه 7:30 الی 14:30\nپنج‌شنبه 7:30 الی 12:30"},{"id":91,"fa_title":"لار","code":1781,"phones":["07152248441","07152248439"],"address":"لار،شهرجدید،میدان بسیج،مجتمع ارکید، پلاک 1","postal_code":7431861859,"long":54.31871596741976,"lat":27.64892618703067,"working_time":"شنبه تا چهارشنبه 7:30 الی 14:30\nپنج‌شنبه 7:30 الی 12:30"},{"id":92,"fa_title":"سلمانشهر","code":2192,"phones":["01154631650"],"address":"سلمانشهر، خیابان امام خمینی(ره)، مجتمع الماس قو خاورمیانه","postal_code":4671717517,"long":51.202867810103214,"lat":36.70968299306107,"working_time":"شنبه تا چهارشنبه 7:30 الی 14:30\nپنج‌شنبه 7:30 الی 12:30"},{"id":93,"fa_title":"سی و سه پل","code":2311,"phones":["03132373162"],"address":"اصفهان خیابان شمس آبادی روبروی باشگاه ذوب آهن مجتمع بزرگان","postal_code":8135776721,"long":51.666424890552484,"lat":32.659050188075426,"working_time":"شنبه تا چهارشنبه 7:30 الی 14:30\nپنج‌شنبه 7:30 الی 12:30"},{"id":94,"fa_title":"جمهوری کرمان","code":2341,"phones":["03432449659","03432459877","03432444732","03432450737"],"address":"کرمان  بلوار جمهوری اسلامی - روبروی بازار موبایل","postal_code":7619613835,"long":57.04684938994892,"lat":30.286278451380394,"working_time":"شنبه تا چهارشنبه 7:30 الی 14:30\nپنج‌شنبه 7:30 الی 12:30"},{"id":95,"fa_title":"احمد آباد مشهد","code":2511,"phones":["05138470370"],"address":"مشهد، خیابان احمدآباد، نبش خیابان بهشت، پلاک 83","postal_code":9183717551,"long":59.58160581008889,"lat":36.29398711355577,"working_time":"شنبه تا چهارشنبه 7:30 الی 14:30\nپنج‌شنبه 7:30 الی 12:30"},{"id":96,"fa_title":"قصرالدشت شیراز","code":2711,"phones":["07136265096"],"address":"شیراز، خیابان قصرالدشت،نبش کوچه 55، ساختمان جوانمردی","postal_code":7183884939,"long":52.508995685219794,"lat":29.634542572397642,"working_time":"شنبه تا چهارشنبه 7:30 الی 14:30\nپنج‌شنبه 7:30 الی 12:30"},{"id":97,"fa_title":"ساری","code":3192,"phones":["01133262972","01133253163"],"address":"ساری بلوار خزر  بین دریای سوم و پنجم روبروی طبرستان ","postal_code":4817753776,"long":53.06155501905201,"lat":36.578117516823085,"working_time":"شنبه تا چهارشنبه 7:30 الی 14:30\nپنج‌شنبه 7:30 الی 12:30"},{"id":98,"fa_title":"سیتی سنتر","code":3311,"phones":["03136550462"],"address":"اصفهان - سیتی سنتر طبقه همکف واحد B040","postal_code":8169413617,"long":51.68866117613034,"lat":32.55199481734587,"working_time":"شنبه تا چهارشنبه 7:30 الی 14:30\nپنج‌شنبه 7:30 الی 12:30"},{"id":99,"fa_title":"سیرجان","code":3341,"phones":["03442234338","03442204027"],"address":"سیرجان، بلوار دکتر صادقی خیابان شهید نصیری شمالی نرسیده به چهار راه سپاه","postal_code":7813753545,"long":55.67379210981122,"lat":29.449543868911967,"working_time":"شنبه تا چهارشنبه 7:30 الی 14:30\nپنج‌شنبه 7:30 الی 12:30"},{"id":100,"fa_title":"راهنمایی مشهد","code":4511,"phones":["05138468672"],"address":"مشهد، خیابان راهنمایی،نبش راهنمایی 7 ، پلاک 276","postal_code":9185653453,"long":59.568369085740336,"lat":36.310525591767735,"working_time":"شنبه تا چهارشنبه 7:30 الی 14:30\nپنج‌شنبه 7:30 الی 12:30"}]